"資料集識別碼","資料集名稱","資料提供屬性","服務分類","品質檢測","檔案格式","資料下載網址","編碼格式","資資料集上架方式","資料集描述","主要欄位說明","提供機關","更新頻率","授權方式","相關網址","計費方式","提供機關聯絡人姓名","提供機關聯絡人電話","上架日期","詮釋資料更新時間","備註","資料量"
"166152","六都公司登記資料-C製造業","檔案資料","開創事業","白金","CSV","https://data.gcis.nat.gov.tw/od/file?oid=C41FF056-9A5A-41C0-8C06-552991AE8DB6","UTF-8","系統介接程式","提供六都公司營業項目為C製造業之登記資料及營業地址。","統一編號;公司名稱;公司地址;資本總額;實收資本額;在境內營運資金;核准設立日期;營業地址（財政資訊中心匯入）;行業代號（財政資訊中心匯入）;財政資訊中心匯入日期;股票代號（金融監督管理委員會匯入）;產業別（金融監督管理委員會匯入）;金融監督管理委員會匯入日期;商標資料（智慧財產局匯入）;智慧財產局匯入日期","經濟部商業發展署","每1月","政府資料開放授權條款-第1版","","免費","張 小姐","02-27841000#2513","2023-10-19 00:00:00","2026-02-03 10:30:07","","0"
"166151","六都公司登記資料-A農、林、漁、牧業","檔案資料","開創事業","白金","CSV","https://data.gcis.nat.gov.tw/od/file?oid=CED757E2-45E8-4DDE-A700-D78D4F7F3E3E","UTF-8","系統介接程式","提供六都公司營業項目為A農、林、漁、牧業之登記資料及營業地址。","統一編號;公司名稱;公司地址;資本總額;實收資本額;在境內營運資金;核准設立日期;營業地址（財政資訊中心匯入）;行業代號（財政資訊中心匯入）;財政資訊中心匯入日期;股票代號（金融監督管理委員會匯入）;產業別（金融監督管理委員會匯入）;金融監督管理委員會匯入日期;商標資料（智慧財產局匯入）;智慧財產局匯入日期","經濟部商業發展署","每1月","政府資料開放授權條款-第1版","","免費","張 小姐","02-27841000#2513","2023-10-19 00:00:00","2026-02-03 10:00:20","","0"
"166153","六都公司登記資料-D水電燃氣業","檔案資料","開創事業","白金","CSV","https://data.gcis.nat.gov.tw/od/file?oid=8FAC18E5-28DD-455A-AE16-72368BEFE258","UTF-8","系統介接程式","提供六都公司營業項目為D水電燃氣業之登記資料及營業地址。","統一編號;公司名稱;公司地址;資本總額;實收資本額;在境內營運資金;核准設立日期;營業地址（財政資訊中心匯入）;行業代號（財政資訊中心匯入）;財政資訊中心匯入日期;股票代號（金融監督管理委員會匯入）;產業別（金融監督管理委員會匯入）;金融監督管理委員會匯入日期;商標資料（智慧財產局匯入）;智慧財產局匯入日期","經濟部商業發展署","每1月","政府資料開放授權條款-第1版","","免費","張 小姐","02-27841000#2513","2023-10-19 00:00:00","2026-02-03 10:30:09","","0"
"166156","六都公司登記資料-E營造及工程業","檔案資料","開創事業","白金","CSV","https://data.gcis.nat.gov.tw/od/file?oid=878A8B5A-D78A-4801-A5B7-3802437C443E","UTF-8","系統介接程式","提供六都公司營業項目為E營造及工程業之登記資料及營業地址。","統一編號;公司名稱;公司地址;資本總額;實收資本額;在境內營運資金;核准設立日期;營業地址（財政資訊中心匯入）;行業代號（財政資訊中心匯入）;財政資訊中心匯入日期;股票代號（金融監督管理委員會匯入）;產業別（金融監督管理委員會匯入）;金融監督管理委員會匯入日期;商標資料（智慧財產局匯入）;智慧財產局匯入日期","經濟部商業發展署","每1月","政府資料開放授權條款-第1版","","免費","張 小姐","02-27841000#2513","2023-10-19 00:00:00","2026-02-03 11:00:06","","0"
"108385","(東台灣排除六都)公司登記資料-C製造業","檔案資料","開創事業","白金","CSV","https://data.gcis.nat.gov.tw/od/file?oid=C08272DE-E4BB-4647-B993-C626351C1010","UTF-8","系統介接程式","提供每月東台灣不含六都之-C製造業公司登記資料資料集，
資料集內容包含統一編號、公司名稱、公司地址、實收資本額、核准設立日期、營業地址（財政資訊中心匯入）、行業代號（財政資訊中心匯入）、財政資訊中心匯入日期、股票代號（金融監督管理委員會匯入）、產業別（金融監督管理委員會匯入）、金融監督管理委員會匯入日期、商標資料（智慧財產局匯入）、智慧財產局匯入日期","統一編號;公司名稱;公司地址;資本總額;實收資本額;在境內營運資金;核准設立日期;營業地址（財政資訊中心匯入）;行業代號（財政資訊中心匯入）;財政資訊中心匯入日期;股票代號（金融監督管理委員會匯入）;產業別（金融監督管理委員會匯入）;金融監督管理委員會匯入日期;商標資料（智慧財產局匯入）;智慧財產局匯入日期","經濟部商業發展署","每1月","政府資料開放授權條款-第1版","","免費","張 小姐","02-27841000#2513","2019-09-27 00:00:00","2026-02-03 10:00:33","","0"
"166155","六都公司登記資料-B礦業及土石採取業","檔案資料","開創事業","白金","CSV","https://data.gcis.nat.gov.tw/od/file?oid=7B887352-FA9E-478F-9C81-2537223DDE55","UTF-8","系統介接程式","提供六都公司營業項目為B礦業及土石採取業之登記資料及營業地址。","統一編號;公司名稱;公司地址;資本總額;實收資本額;在境內營運資金;核准設立日期;營業地址（財政資訊中心匯入）;行業代號（財政資訊中心匯入）;財政資訊中心匯入日期;股票代號（金融監督管理委員會匯入）;產業別（金融監督管理委員會匯入）;金融監督管理委員會匯入日期;商標資料（智慧財產局匯入）;智慧財產局匯入日期","經濟部商業發展署","每1月","政府資料開放授權條款-第1版","","免費","張 小姐","02-27841000#2513","2023-10-19 00:00:00","2026-02-03 10:00:33","","0"
"108367","(南台灣排除六都)公司登記資料-C製造業","檔案資料","開創事業","白金","CSV","https://data.gcis.nat.gov.tw/od/file?oid=7345D509-0E7C-48DB-95F0-390925201990","UTF-8","系統介接程式","提供每月南台灣不含六都之-C製造業公司登記資料資料集，
資料集內容包含統一編號、公司名稱、公司地址、實收資本額、核准設立日期、營業地址（財政資訊中心匯入）、行業代號（財政資訊中心匯入）、財政資訊中心匯入日期、股票代號（金融監督管理委員會匯入）、產業別（金融監督管理委員會匯入）、金融監督管理委員會匯入日期、商標資料（智慧財產局匯入）、智慧財產局匯入日期","統一編號;公司名稱;公司地址;資本總額;實收資本額;在境內營運資金;核准設立日期;營業地址（財政資訊中心匯入）;行業代號（財政資訊中心匯入）;財政資訊中心匯入日期;股票代號（金融監督管理委員會匯入）;產業別（金融監督管理委員會匯入）;金融監督管理委員會匯入日期;商標資料（智慧財產局匯入）;智慧財產局匯入日期","經濟部商業發展署","每1月","政府資料開放授權條款-第1版","","免費","張 小姐","02-27841000#2513","2019-09-27 00:00:00","2026-02-03 09:30:50","","0"
"166154","六都公司登記資料-F零售、批發及餐飲業","檔案資料","開創事業","白金","CSV","https://data.gcis.nat.gov.tw/od/file?oid=284305E8-B32E-403C-8121-F95FBD0A60D8","UTF-8","系統介接程式","提供六都公司營業項目為F零售、批發及餐飲業之登記資料及營業地址。","統一編號;公司名稱;公司地址;資本總額;實收資本額;在境內營運資金;核准設立日期;營業地址（財政資訊中心匯入）;行業代號（財政資訊中心匯入）;財政資訊中心匯入日期;股票代號（金融監督管理委員會匯入）;產業別（金融監督管理委員會匯入）;金融監督管理委員會匯入日期;商標資料（智慧財產局匯入）;智慧財產局匯入日期","經濟部商業發展署","每1月","政府資料開放授權條款-第1版","","免費","張 小姐","02-27841000#2513","2023-10-19 00:00:00","2026-01-03 13:00:05","","0"
"166150","六都公司登記資料-G運輸、倉儲及通信業","檔案資料","開創事業","白金","CSV","https://data.gcis.nat.gov.tw/od/file?oid=55E5073E-C959-4C54-89E9-EA61DB94AAFB","UTF-8","系統介接程式","提供六都公司營業項目為G運輸、倉儲及通信業之登記資料及營業地址。","統一編號;公司名稱;公司地址;資本總額;實收資本額;在境內營運資金;核准設立日期;營業地址（財政資訊中心匯入）;行業代號（財政資訊中心匯入）;財政資訊中心匯入日期;股票代號（金融監督管理委員會匯入）;產業別（金融監督管理委員會匯入）;金融監督管理委員會匯入日期;商標資料（智慧財產局匯入）;智慧財產局匯入日期","經濟部商業發展署","每1月","政府資料開放授權條款-第1版","","免費","張 小姐","02-27841000#2513","2023-10-19 00:00:00","2026-01-03 13:00:03","","0"
"108354","(中台灣排除六都)公司登記資料-C製造業","檔案資料","開創事業","白金","CSV","https://data.gcis.nat.gov.tw/od/file?oid=0D84DBC0-962E-48E7-9BE1-21549F0F38EB","UTF-8","系統介接程式","提供每月中台灣不含六都之-C製造業公司登記資料資料集，
資料集內容包含統一編號、公司名稱、公司地址、實收資本額、核准設立日期、營業地址（財政資訊中心匯入）、行業代號（財政資訊中心匯入）、財政資訊中心匯入日期、股票代號（金融監督管理委員會匯入）、產業別（金融監督管理委員會匯入）、金融監督管理委員會匯入日期、商標資料（智慧財產局匯入）、智慧財產局匯入日期","統一編號;公司名稱;公司地址;資本總額;實收資本額;在境內營運資金;核准設立日期;營業地址（財政資訊中心匯入）;行業代號（財政資訊中心匯入）;財政資訊中心匯入日期;股票代號（金融監督管理委員會匯入）;產業別（金融監督管理委員會匯入）;金融監督管理委員會匯入日期;商標資料（智慧財產局匯入）;智慧財產局匯入日期","經濟部商業發展署","每1月","政府資料開放授權條款-第1版","","免費","張 小姐","02-27841000#2513","2019-09-27 00:00:00","2026-02-03 09:01:04","","0"
"108363","(北台灣排除六都)公司登記資料-C製造業","檔案資料","開創事業","白金","CSV","https://data.gcis.nat.gov.tw/od/file?oid=BF84A73E-99DD-4571-8B48-8D422C2193B0","UTF-8","系統介接程式","提供每月北台灣不含六都之-C製造業公司登記資料資料集，
資料集內容包含統一編號、公司名稱、公司地址、實收資本額、核准設立日期、營業地址（財政資訊中心匯入）、行業代號（財政資訊中心匯入）、財政資訊中心匯入日期、股票代號（金融監督管理委員會匯入）、產業別（金融監督管理委員會匯入）、金融監督管理委員會匯入日期、商標資料（智慧財產局匯入）、智慧財產局匯入日期","統一編號;公司名稱;公司地址;資本總額;實收資本額;在境內營運資金;核准設立日期;營業地址（財政資訊中心匯入）;行業代號（財政資訊中心匯入）;財政資訊中心匯入日期;股票代號（金融監督管理委員會匯入）;產業別（金融監督管理委員會匯入）;金融監督管理委員會匯入日期;商標資料（智慧財產局匯入）;智慧財產局匯入日期","經濟部商業發展署","每1月","政府資料開放授權條款-第1版","","免費","張 小姐","02-27841000#2513","2019-09-27 00:00:00","2026-02-03 08:30:17","","0"
"173818","六都公司登記資料-H金融、保險及不動產業","檔案資料","開創事業","白金","CSV","https://data.gcis.nat.gov.tw/od/file?oid=D8B97999-CD41-4195-B6F7-32119C541890","UTF-8","系統介接程式","提供六都公司登記資料-H金融、保險及不動產業之登記資料及營業地址。","統一編號;公司名稱;公司地址;資本總額;實收資本額;在境內營運資金;核准設立日期;營業地址（財政資訊中心匯入）;行業代號（財政資訊中心匯入）;財政資訊中心匯入日期;股票代號（金融監督管理委員會匯入）;產業別（金融監督管理委員會匯入）;金融監督管理委員會匯入日期;商標資料（智慧財產局匯入）;智慧財產局匯入日期","經濟部商業發展署","每1月","政府資料開放授權條款-第1版","","免費","黃 先生","02-27841000#2561","2025-05-27 00:00:00","2025-06-19 10:30:24","","0"
"108374","(南台灣排除六都)公司登記資料-A農、林、漁、牧業","檔案資料","開創事業","白金","CSV","https://data.gcis.nat.gov.tw/od/file?oid=87778505-D147-4507-ACDF-37D893405274","UTF-8","系統介接程式","提供每月南台灣不含六都之-A農、林、漁、牧業公司登記資料資料集，
資料集內容包含統一編號、公司名稱、公司地址、實收資本額、核准設立日期、營業地址（財政資訊中心匯入）、行業代號（財政資訊中心匯入）、財政資訊中心匯入日期、股票代號（金融監督管理委員會匯入）、產業別（金融監督管理委員會匯入）、金融監督管理委員會匯入日期、商標資料（智慧財產局匯入）、智慧財產局匯入日期","統一編號;公司名稱;公司地址;資本總額;實收資本額;在境內營運資金;核准設立日期;營業地址（財政資訊中心匯入）;行業代號（財政資訊中心匯入）;財政資訊中心匯入日期;股票代號（金融監督管理委員會匯入）;產業別（金融監督管理委員會匯入）;金融監督管理委員會匯入日期;商標資料（智慧財產局匯入）;智慧財產局匯入日期","經濟部商業發展署","每1月","政府資料開放授權條款-第1版","","免費","張 小姐","02-27841000#2513","2019-09-27 00:00:00","2026-02-03 09:30:54","","0"
"132186","(中台灣排除六都)公司登記資料-D水電燃氣業","檔案資料","開創事業","白金","CSV","https://data.gcis.nat.gov.tw/od/file?oid=26C71D19-839A-4922-8A87-37652BF9BF98","UTF-8","系統介接程式","提供每月中台灣不含六都之-D水電燃氣業公司登記資料資料集，
資料集內容包含統一編號、公司名稱、公司地址、實收資本額、核准設立日期、營業地址（財政資訊中心匯入）、行業代號（財政資訊中心匯入）、財政資訊中心匯入日期、股票代號（金融監督管理委員會匯入）、產業別（金融監督管理委員會匯入）、金融監督管理委員會匯入日期、商標資料（智慧財產局匯入）、智慧財產局匯入日期","統一編號;公司名稱;公司地址;資本總額;實收資本額;在境內營運資金;核准設立日期;營業地址（財政資訊中心匯入）;行業代號（財政資訊中心匯入）;財政資訊中心匯入日期;股票代號（金融監督管理委員會匯入）;產業別（金融監督管理委員會匯入）;金融監督管理委員會匯入日期;商標資料（智慧財產局匯入）;智慧財產局匯入日期","經濟部商業發展署","每1月","政府資料開放授權條款-第1版","","免費","張 小姐","02-27841000#2513","2020-09-26 00:00:00","2026-02-03 09:01:07","","1300"
"108389","(東台灣排除六都)公司登記資料-A農、林、漁、牧業","檔案資料","開創事業","白金","CSV","https://data.gcis.nat.gov.tw/od/file?oid=0F55EFDF-677C-4A7E-99C4-C166D31CB19E","UTF-8","系統介接程式","提供每月東台灣不含六都之-A農、林、漁、牧業公司登記資料資料集，
資料集內容包含統一編號、公司名稱、公司地址、實收資本額、核准設立日期、營業地址（財政資訊中心匯入）、行業代號（財政資訊中心匯入）、財政資訊中心匯入日期、股票代號（金融監督管理委員會匯入）、產業別（金融監督管理委員會匯入）、金融監督管理委員會匯入日期、商標資料（智慧財產局匯入）、智慧財產局匯入日期","統一編號;公司名稱;公司地址;資本總額;實收資本額;在境內營運資金;核准設立日期;營業地址（財政資訊中心匯入）;行業代號（財政資訊中心匯入）;財政資訊中心匯入日期;股票代號（金融監督管理委員會匯入）;產業別（金融監督管理委員會匯入）;金融監督管理委員會匯入日期;商標資料（智慧財產局匯入）;智慧財產局匯入日期","經濟部商業發展署","每1月","政府資料開放授權條款-第1版","","免費","張 小姐","02-27841000#2513","2019-09-27 00:00:00","2026-02-03 10:00:34","","0"
"132189","(東台灣排除六都)公司登記資料-D水電燃氣業","檔案資料","開創事業","白金","CSV","https://data.gcis.nat.gov.tw/od/file?oid=A905C867-BAF9-4F49-A46A-F1846CEA5B3C","UTF-8","系統介接程式","提供每月東台灣不含六都之-D水電燃氣業公司登記資料資料集，資料集內容包含統一編號、公司名稱、公司地址、實收資本額、核准設立日期、營業地址（財政資訊中心匯入）、行業代號（財政資訊中心匯入）、財政資訊中心匯入日期、股票代號（金融監督管理委員會匯入）、產業別（金融監督管理委員會匯入）、金融監督管理委員會匯入日期、商標資料（智慧財產局匯入）、智慧財產局匯入日期","統一編號;公司名稱;公司地址;資本總額;實收資本額;在境內營運資金;核准設立日期;營業地址（財政資訊中心匯入）;行業代號（財政資訊中心匯入）;財政資訊中心匯入日期;股票代號（金融監督管理委員會匯入）;產業別（金融監督管理委員會匯入）;金融監督管理委員會匯入日期;商標資料（智慧財產局匯入）;智慧財產局匯入日期","經濟部商業發展署","每1月","政府資料開放授權條款-第1版","","免費","張 小姐","02-27841000#2513","2020-09-26 00:00:00","2026-02-03 10:00:31","","100"
"132187","(北台灣排除六都)公司登記資料-D水電燃氣業","檔案資料","開創事業","白金","CSV","https://data.gcis.nat.gov.tw/od/file?oid=41522420-2CD5-4A9C-BC53-F36DDAA6EBB2","UTF-8","系統介接程式","提供每月北台灣不含六都之-D水電燃氣業公司登記資料資料集，
資料集內容包含統一編號、公司名稱、公司地址、實收資本額、核准設立日期、營業地址（財政資訊中心匯入）、行業代號（財政資訊中心匯入）、財政資訊中心匯入日期、股票代號（金融監督管理委員會匯入）、產業別（金融監督管理委員會匯入）、金融監督管理委員會匯入日期、商標資料（智慧財產局匯入）、智慧財產局匯入日期","統一編號;公司名稱;公司地址;資本總額;實收資本額;在境內營運資金;核准設立日期;營業地址（財政資訊中心匯入）;行業代號（財政資訊中心匯入）;財政資訊中心匯入日期;股票代號（金融監督管理委員會匯入）;產業別（金融監督管理委員會匯入）;金融監督管理委員會匯入日期;商標資料（智慧財產局匯入）;智慧財產局匯入日期","經濟部商業發展署","每1月","政府資料開放授權條款-第1版","","免費","張 小姐","02-27841000#2513","2020-09-26 00:00:00","2026-02-03 08:30:19","","900"
"132188","(南台灣排除六都)公司登記資料-D水電燃氣業","檔案資料","開創事業","白金","CSV","https://data.gcis.nat.gov.tw/od/file?oid=E4ECF9CB-841C-487A-A4E0-25C27BF55DEC","UTF-8","系統介接程式","提供每月南台灣不含六都之-D水電燃氣業公司登記資料資料集，
資料集內容包含統一編號、公司名稱、公司地址、實收資本額、核准設立日期、營業地址（財政資訊中心匯入）、行業代號（財政資訊中心匯入）、財政資訊中心匯入日期、股票代號（金融監督管理委員會匯入）、產業別（金融監督管理委員會匯入）、金融監督管理委員會匯入日期、商標資料（智慧財產局匯入）、智慧財產局匯入日期","統一編號;公司名稱;公司地址;資本總額;實收資本額;在境內營運資金;核准設立日期;營業地址（財政資訊中心匯入）;行業代號（財政資訊中心匯入）;財政資訊中心匯入日期;股票代號（金融監督管理委員會匯入）;產業別（金融監督管理委員會匯入）;金融監督管理委員會匯入日期;商標資料（智慧財產局匯入）;智慧財產局匯入日期","經濟部商業發展署","每1月","政府資料開放授權條款-第1版","","免費","張 小姐","02-27841000#2513","2020-09-26 00:00:00","2026-02-03 09:30:54","","760"
"108351","(中台灣排除六都)公司登記資料-A農、林、漁、牧業","檔案資料","開創事業","白金","CSV","https://data.gcis.nat.gov.tw/od/file?oid=5FE26662-E6F9-4DF9-B101-4CC70A02B5D8","UTF-8","系統介接程式","提供每月中台灣不含六都之-A農、林、漁、牧業公司登記資料資料集，
資料集內容包含統一編號、公司名稱、公司地址、實收資本額、核准設立日期、營業地址（財政資訊中心匯入）、行業代號（財政資訊中心匯入）、財政資訊中心匯入日期、股票代號（金融監督管理委員會匯入）、產業別（金融監督管理委員會匯入）、金融監督管理委員會匯入日期、商標資料（智慧財產局匯入）、智慧財產局匯入日期","統一編號;公司名稱;公司地址;資本總額;實收資本額;在境內營運資金;核准設立日期;營業地址（財政資訊中心匯入）;行業代號（財政資訊中心匯入）;財政資訊中心匯入日期;股票代號（金融監督管理委員會匯入）;產業別（金融監督管理委員會匯入）;金融監督管理委員會匯入日期;商標資料（智慧財產局匯入）;智慧財產局匯入日期","經濟部商業發展署","每1月","政府資料開放授權條款-第1版","","免費","張 小姐","02-27841000#2513","2019-09-27 00:00:00","2026-02-03 09:00:58","","0"
"108371","(北台灣排除六都)公司登記資料-A農、林、漁、牧業","檔案資料","開創事業","白金","CSV","https://data.gcis.nat.gov.tw/od/file?oid=0DFE3DE7-A8F2-4A15-B12F-EF0116A7DBAF","UTF-8","系統介接程式","提供每月北台灣不含六都之-A農、林、漁、牧業公司登記資料資料集，
資料集內容包含統一編號、公司名稱、公司地址、實收資本額、核准設立日期、營業地址（財政資訊中心匯入）、行業代號（財政資訊中心匯入）、財政資訊中心匯入日期、股票代號（金融監督管理委員會匯入）、產業別（金融監督管理委員會匯入）、金融監督管理委員會匯入日期、商標資料（智慧財產局匯入）、智慧財產局匯入日期","統一編號;公司名稱;公司地址;資本總額;實收資本額;在境內營運資金;核准設立日期;營業地址（財政資訊中心匯入）;行業代號（財政資訊中心匯入）;財政資訊中心匯入日期;股票代號（金融監督管理委員會匯入）;產業別（金融監督管理委員會匯入）;金融監督管理委員會匯入日期;商標資料（智慧財產局匯入）;智慧財產局匯入日期","經濟部商業發展署","每1月","政府資料開放授權條款-第1版","","免費","張 小姐","02-27841000#2513","2019-09-27 00:00:00","2026-02-03 08:30:21","","0"
"145491","(中台灣排除六都)公司登記資料-E營造及工程業","檔案資料","開創事業","白金","CSV","https://data.gcis.nat.gov.tw/od/file?oid=D6FA33EF-5179-4763-8F14-328CCBC9C058","UTF-8","系統介接程式","提供每月中台灣不含六都之-E營造及工程業公司登記資料資料集，
資料集內容包含統一編號、公司名稱、公司地址、實收資本額、核准設立日期、營業地址（財政資訊中心匯入）、行業代號（財政資訊中心匯入）、財政資訊中心匯入日期、股票代號（金融監督管理委員會匯入）、產業別（金融監督管理委員會匯入）、金融監督管理委員會匯入日期、商標資料（智慧財產局匯入）、智慧財產局匯入日期","統一編號;公司名稱;公司地址;資本總額;實收資本額;在境內營運資金;核准設立日期;營業地址（財政資訊中心匯入）;行業代號（財政資訊中心匯入）;財政資訊中心匯入日期;股票代號（金融監督管理委員會匯入）;產業別（金融監督管理委員會匯入）;金融監督管理委員會匯入日期;商標資料（智慧財產局匯入）;智慧財產局匯入日期","經濟部商業發展署","每1月","政府資料開放授權條款-第1版","","免費","張 小姐","02-27841000#2513","2021-09-13 00:00:00","2026-02-03 09:01:05","","11400"
"145492","(北台灣排除六都)公司登記資料-E營造及工程業","檔案資料","開創事業","白金","CSV","https://data.gcis.nat.gov.tw/od/file?oid=4684110C-CE82-462F-9B6A-5FD389139131","UTF-8","系統介接程式","提供每月北台灣不含六都之-E營造及工程業公司登記資料資料集，
資料集內容包含統一編號、公司名稱、公司地址、實收資本額、核准設立日期、營業地址（財政資訊中心匯入）、行業代號（財政資訊中心匯入）、財政資訊中心匯入日期、股票代號（金融監督管理委員會匯入）、產業別（金融監督管理委員會匯入）、金融監督管理委員會匯入日期、商標資料（智慧財產局匯入）、智慧財產局匯入日期","統一編號;公司名稱;公司地址;資本總額;實收資本額;在境內營運資金;核准設立日期;營業地址（財政資訊中心匯入）;行業代號（財政資訊中心匯入）;財政資訊中心匯入日期;股票代號（金融監督管理委員會匯入）;產業別（金融監督管理委員會匯入）;金融監督管理委員會匯入日期;商標資料（智慧財產局匯入）;智慧財產局匯入日期","經濟部商業發展署","每1月","政府資料開放授權條款-第1版","","免費","張 小姐","02-27841000#2513","2021-09-13 00:00:00","2026-02-03 08:30:15","","15080"
"145484","(東台灣排除六都)公司登記資料-E營造及工程業","檔案資料","開創事業","白金","CSV","https://data.gcis.nat.gov.tw/od/file?oid=135D87C4-23A9-4DF1-AB29-ED12AE54C731","UTF-8","系統介接程式","提供每月東台灣不含六都之-E營造及工程業公司登記資料資料集，
資料集內容包含統一編號、公司名稱、公司地址、實收資本額、核准設立日期、營業地址（財政資訊中心匯入）、行業代號（財政資訊中心匯入）、財政資訊中心匯入日期、股票代號（金融監督管理委員會匯入）、產業別（金融監督管理委員會匯入）、金融監督管理委員會匯入日期、商標資料（智慧財產局匯入）、智慧財產局匯入日期","統一編號;公司名稱;公司地址;資本總額;實收資本額;在境內營運資金;核准設立日期;營業地址（財政資訊中心匯入）;行業代號（財政資訊中心匯入）;財政資訊中心匯入日期;股票代號（金融監督管理委員會匯入）;產業別（金融監督管理委員會匯入）;金融監督管理委員會匯入日期;商標資料（智慧財產局匯入）;智慧財產局匯入日期","經濟部商業發展署","每1月","政府資料開放授權條款-第1版","","免費","張 小姐","02-27841000#2513","2021-09-13 00:00:00","2026-02-03 10:00:16","","1570"
"145489","(中台灣排除六都)公司登記資料-Z其他未分類業","檔案資料","開創事業","白金","CSV","https://data.gcis.nat.gov.tw/od/file?oid=DF655EAA-CC48-48CA-8F72-38D3D3F31296","UTF-8","系統介接程式","提供每月中台灣不含六都之-Z其他未分類業公司登記資料資料集，
資料集內容包含統一編號、公司名稱、公司地址、實收資本額、核准設立日期、營業地址（財政資訊中心匯入）、行業代號（財政資訊中心匯入）、財政資訊中心匯入日期、股票代號（金融監督管理委員會匯入）、產業別（金融監督管理委員會匯入）、金融監督管理委員會匯入日期、商標資料（智慧財產局匯入）、智慧財產局匯入日期","統一編號;公司名稱;公司地址;資本總額;實收資本額;在境內營運資金;核准設立日期;營業地址（財政資訊中心匯入）;行業代號（財政資訊中心匯入）;財政資訊中心匯入日期;股票代號（金融監督管理委員會匯入）;產業別（金融監督管理委員會匯入）;金融監督管理委員會匯入日期;商標資料（智慧財產局匯入）;智慧財產局匯入日期","經濟部商業發展署","每1月","政府資料開放授權條款-第1版","","免費","張 小姐","02-27841000#2513","2021-09-13 00:00:00","2026-02-03 09:30:48","","32390"
"145485","(南台灣排除六都)公司登記資料-E營造及工程業","檔案資料","開創事業","白金","CSV","https://data.gcis.nat.gov.tw/od/file?oid=E785EB32-C79A-4241-A360-3371B9B58045","UTF-8","系統介接程式","提供每月南台灣不含六都之-E營造及工程業公司登記資料資料集，
資料集內容包含統一編號、公司名稱、公司地址、實收資本額、核准設立日期、營業地址（財政資訊中心匯入）、行業代號（財政資訊中心匯入）、財政資訊中心匯入日期、股票代號（金融監督管理委員會匯入）、產業別（金融監督管理委員會匯入）、金融監督管理委員會匯入日期、商標資料（智慧財產局匯入）、智慧財產局匯入日期","統一編號;公司名稱;公司地址;資本總額;實收資本額;在境內營運資金;核准設立日期;營業地址（財政資訊中心匯入）;行業代號（財政資訊中心匯入）;財政資訊中心匯入日期;股票代號（金融監督管理委員會匯入）;產業別（金融監督管理委員會匯入）;金融監督管理委員會匯入日期;商標資料（智慧財產局匯入）;智慧財產局匯入日期","經濟部商業發展署","每1月","政府資料開放授權條款-第1版","","免費","張 小姐","02-27841000#2513","2021-09-13 00:00:00","2026-02-03 09:30:44","","5760"
"145495","(南台灣排除六都)公司登記資料-Z其他未分類業","檔案資料","開創事業","白金","CSV","https://data.gcis.nat.gov.tw/od/file?oid=6E3BBE78-9FBD-4727-BD32-A5FF526C6A6E","UTF-8","系統介接程式","提供每月南台灣不含六都之-Z其他未分類業公司登記資料資料集，
資料集內容包含統一編號、公司名稱、公司地址、實收資本額、核准設立日期、營業地址（財政資訊中心匯入）、行業代號（財政資訊中心匯入）、財政資訊中心匯入日期、股票代號（金融監督管理委員會匯入）、產業別（金融監督管理委員會匯入）、金融監督管理委員會匯入日期、商標資料（智慧財產局匯入）、智慧財產局匯入日期","統一編號;公司名稱;公司地址;資本總額;實收資本額;在境內營運資金;核准設立日期;營業地址（財政資訊中心匯入）;行業代號（財政資訊中心匯入）;財政資訊中心匯入日期;股票代號（金融監督管理委員會匯入）;產業別（金融監督管理委員會匯入）;金融監督管理委員會匯入日期;商標資料（智慧財產局匯入）;智慧財產局匯入日期","經濟部商業發展署","每1月","政府資料開放授權條款-第1版","","免費","張 小姐","02-27841000#2513","2021-09-13 00:00:00","2026-02-03 10:00:27","","13250"
"145486","(東台灣排除六都)公司登記資料-Z其他未分類業","檔案資料","開創事業","白金","CSV","https://data.gcis.nat.gov.tw/od/file?oid=E530335D-1B7E-4397-8713-B63F953A6EBB","UTF-8","系統介接程式","提供每月東台灣不含六都之-Z其他未分類業公司登記資料資料集，
資料集內容包含統一編號、公司名稱、公司地址、實收資本額、核准設立日期、營業地址（財政資訊中心匯入）、行業代號（財政資訊中心匯入）、財政資訊中心匯入日期、股票代號（金融監督管理委員會匯入）、產業別（金融監督管理委員會匯入）、金融監督管理委員會匯入日期、商標資料（智慧財產局匯入）、智慧財產局匯入日期","統一編號;公司名稱;公司地址;資本總額;實收資本額;在境內營運資金;核准設立日期;營業地址（財政資訊中心匯入）;行業代號（財政資訊中心匯入）;財政資訊中心匯入日期;股票代號（金融監督管理委員會匯入）;產業別（金融監督管理委員會匯入）;金融監督管理委員會匯入日期;商標資料（智慧財產局匯入）;智慧財產局匯入日期","經濟部商業發展署","每1月","政府資料開放授權條款-第1版","","免費","張 小姐","02-27841000#2513","2021-09-13 00:00:00","2026-02-03 10:00:21","","3490"
"145497","(北台灣排除六都)公司登記資料-Z其他未分類業","檔案資料","開創事業","白金","CSV","https://data.gcis.nat.gov.tw/od/file?oid=EDB3C50A-232D-401A-B452-772C23C2C8B1","UTF-8","系統介接程式","提供每月北台灣不含六都之-Z其他未分類業公司登記資料資料集，
資料集內容包含統一編號、公司名稱、公司地址、實收資本額、核准設立日期、營業地址（財政資訊中心匯入）、行業代號（財政資訊中心匯入）、財政資訊中心匯入日期、股票代號（金融監督管理委員會匯入）、產業別（金融監督管理委員會匯入）、金融監督管理委員會匯入日期、商標資料（智慧財產局匯入）、智慧財產局匯入日期","統一編號;公司名稱;公司地址;資本總額;實收資本額;在境內營運資金;核准設立日期;營業地址（財政資訊中心匯入）;行業代號（財政資訊中心匯入）;財政資訊中心匯入日期;股票代號（金融監督管理委員會匯入）;產業別（金融監督管理委員會匯入）;金融監督管理委員會匯入日期;商標資料（智慧財產局匯入）;智慧財產局匯入日期","經濟部商業發展署","每1月","政府資料開放授權條款-第1版","","免費","張 小姐","02-27841000#2513","2021-09-13 00:00:00","2026-02-03 09:01:08","","32210"
"145487","(南台灣排除六都)公司登記資料-G運輸、倉儲及通信業","檔案資料","開創事業","白金","CSV","https://data.gcis.nat.gov.tw/od/file?oid=89A6099A-BA34-4AD6-868B-A50B2F8CEE7F","UTF-8","系統介接程式","提供每月南台灣不含六都之-G運輸、倉儲及通信業公司登記資料資料集，
資料集內容包含統一編號、公司名稱、公司地址、實收資本額、核准設立日期、營業地址（財政資訊中心匯入）、行業代號（財政資訊中心匯入）、財政資訊中心匯入日期、股票代號（金融監督管理委員會匯入）、產業別（金融監督管理委員會匯入）、金融監督管理委員會匯入日期、商標資料（智慧財產局匯入）、智慧財產局匯入日期","統一編號;公司名稱;公司地址;資本總額;實收資本額;在境內營運資金;核准設立日期;營業地址（財政資訊中心匯入）;行業代號（財政資訊中心匯入）;財政資訊中心匯入日期;股票代號（金融監督管理委員會匯入）;產業別（金融監督管理委員會匯入）;金融監督管理委員會匯入日期;商標資料（智慧財產局匯入）;智慧財產局匯入日期","經濟部商業發展署","每1月","政府資料開放授權條款-第1版","","免費","張 小姐","02-27841000#2513","2021-09-13 00:00:00","2026-02-03 10:00:22","","1200"
"145483","(東台灣排除六都)公司登記資料-G運輸、倉儲及通信業","檔案資料","開創事業","白金","CSV","https://data.gcis.nat.gov.tw/od/file?oid=DF9E6D94-A795-4322-8543-AC659D42A49E","UTF-8","系統介接程式","提供每月東台灣不含六都之-G運輸、倉儲及通信業公司登記資料資料集，
資料集內容包含統一編號、公司名稱、公司地址、實收資本額、核准設立日期、營業地址（財政資訊中心匯入）、行業代號（財政資訊中心匯入）、財政資訊中心匯入日期、股票代號（金融監督管理委員會匯入）、產業別（金融監督管理委員會匯入）、金融監督管理委員會匯入日期、商標資料（智慧財產局匯入）、智慧財產局匯入日期","統一編號;公司名稱;公司地址;資本總額;實收資本額;在境內營運資金;核准設立日期;營業地址（財政資訊中心匯入）;行業代號（財政資訊中心匯入）;財政資訊中心匯入日期;股票代號（金融監督管理委員會匯入）;產業別（金融監督管理委員會匯入）;金融監督管理委員會匯入日期;商標資料（智慧財產局匯入）;智慧財產局匯入日期","經濟部商業發展署","每1月","政府資料開放授權條款-第1版","","免費","張 小姐","02-27841000#2513","2021-09-13 00:00:00","2026-02-03 10:00:14","","400"
"108342","(南台灣排除六都)公司登記資料-F零售、批發及餐飲業","檔案資料","開創事業","白金","CSV","https://data.gcis.nat.gov.tw/od/file?oid=51498516-FA2A-4BA2-A012-1FBA707E9960","UTF-8","系統介接程式","提供每月南台灣不含六都之-F零售、批發及餐飲業公司登記資料資料集，
資料集內容包含統一編號、公司名稱、公司地址、實收資本額、核准設立日期、營業地址（財政資訊中心匯入）、行業代號（財政資訊中心匯入）、財政資訊中心匯入日期、股票代號（金融監督管理委員會匯入）、產業別（金融監督管理委員會匯入）、金融監督管理委員會匯入日期、商標資料（智慧財產局匯入）、智慧財產局匯入日期","統一編號;公司名稱;公司地址;資本總額;實收資本額;在境內營運資金;核准設立日期;營業地址（財政資訊中心匯入）;行業代號（財政資訊中心匯入）;財政資訊中心匯入日期;股票代號（金融監督管理委員會匯入）;產業別（金融監督管理委員會匯入）;金融監督管理委員會匯入日期;商標資料（智慧財產局匯入）;智慧財產局匯入日期","經濟部商業發展署","每1月","政府資料開放授權條款-第1版","","免費","張 小姐","02-27841000#2513","2019-09-27 00:00:00","2026-02-03 10:00:12","","0"
"132184","(南台灣排除六都)公司登記資料-B礦業及土石採取業","檔案資料","開創事業","白金","CSV","https://data.gcis.nat.gov.tw/od/file?oid=08527C75-FC02-4DB4-ACC8-5257FDEAEF8B","UTF-8","系統介接程式","提供每月南台灣不含六都之-B礦業及土石採取業公司登記資料資料集，
資料集內容包含統一編號、公司名稱、公司地址、實收資本額、核准設立日期、營業地址（財政資訊中心匯入）、行業代號（財政資訊中心匯入）、財政資訊中心匯入日期、股票代號（金融監督管理委員會匯入）、產業別（金融監督管理委員會匯入）、金融監督管理委員會匯入日期、商標資料（智慧財產局匯入）、智慧財產局匯入日期","統一編號;公司名稱;公司地址;資本總額;實收資本額;在境內營運資金;核准設立日期;營業地址（財政資訊中心匯入）;行業代號（財政資訊中心匯入）;財政資訊中心匯入日期;股票代號（金融監督管理委員會匯入）;產業別（金融監督管理委員會匯入）;金融監督管理委員會匯入日期;商標資料（智慧財產局匯入）;智慧財產局匯入日期","經濟部商業發展署","每1月","政府資料開放授權條款-第1版","","免費","張 小姐","02-27841000#2513","2020-09-26 00:00:00","2026-02-03 09:30:46","","600"
"132185","(東台灣排除六都)公司登記資料-B礦業及土石採取業","檔案資料","開創事業","白金","CSV","https://data.gcis.nat.gov.tw/od/file?oid=280D64C0-2163-484A-87EC-BF52C3D9D82C","UTF-8","系統介接程式","提供每月東台灣不含六都之-B礦業及土石採取業公司登記資料資料集，資料集內容包含統一編號、公司名稱、公司地址、實收資本額、核准設立日期、營業地址（財政資訊中心匯入）、行業代號（財政資訊中心匯入）、財政資訊中心匯入日期、股票代號（金融監督管理委員會匯入）、產業別（金融監督管理委員會匯入）、金融監督管理委員會匯入日期、商標資料（智慧財產局匯入）、智慧財產局匯入日期","統一編號;公司名稱;公司地址;資本總額;實收資本額;在境內營運資金;核准設立日期;營業地址（財政資訊中心匯入）;行業代號（財政資訊中心匯入）;財政資訊中心匯入日期;股票代號（金融監督管理委員會匯入）;產業別（金融監督管理委員會匯入）;金融監督管理委員會匯入日期;商標資料（智慧財產局匯入）;智慧財產局匯入日期","經濟部商業發展署","每1月","政府資料開放授權條款-第1版","","免費","張 小姐","02-27841000#2513","2020-09-16 00:00:00","2026-02-03 10:00:23","","300"
"108390","(中台灣排除六都)公司登記資料-F零售、批發及餐飲業","檔案資料","開創事業","白金","CSV","https://data.gcis.nat.gov.tw/od/file?oid=EA4C3D88-CA77-4EEE-B227-5D38898AE73B","UTF-8","系統介接程式","提供每月中台灣不含六都之-F零售、批發及餐飲業公司登記資料資料集，
資料集內容包含統一編號、公司名稱、公司地址、實收資本額、核准設立日期、營業地址（財政資訊中心匯入）、行業代號（財政資訊中心匯入）、財政資訊中心匯入日期、股票代號（金融監督管理委員會匯入）、產業別（金融監督管理委員會匯入）、金融監督管理委員會匯入日期、商標資料（智慧財產局匯入）、智慧財產局匯入日期","統一編號;公司名稱;公司地址;資本總額;實收資本額;在境內營運資金;核准設立日期;營業地址（財政資訊中心匯入）;行業代號（財政資訊中心匯入）;財政資訊中心匯入日期;股票代號（金融監督管理委員會匯入）;產業別（金融監督管理委員會匯入）;金融監督管理委員會匯入日期;商標資料（智慧財產局匯入）;智慧財產局匯入日期","經濟部商業發展署","每1月","政府資料開放授權條款-第1版","","免費","張 小姐","02-27841000#2513","2019-09-27 00:00:00","2026-02-03 09:30:56","","0"
"145494","(中台灣排除六都)公司登記資料-G運輸、倉儲及通信業","檔案資料","開創事業","白金","CSV","https://data.gcis.nat.gov.tw/od/file?oid=35DDC467-6BFC-4CCF-B806-B42BE7547401","UTF-8","系統介接程式","提供每月中台灣不含六都之-G運輸、倉儲及通信業公司登記資料資料集，
資料集內容包含統一編號、公司名稱、公司地址、實收資本額、核准設立日期、營業地址（財政資訊中心匯入）、行業代號（財政資訊中心匯入）、財政資訊中心匯入日期、股票代號（金融監督管理委員會匯入）、產業別（金融監督管理委員會匯入）、金融監督管理委員會匯入日期、商標資料（智慧財產局匯入）、智慧財產局匯入日期","統一編號;公司名稱;公司地址;資本總額;實收資本額;在境內營運資金;核准設立日期;營業地址（財政資訊中心匯入）;行業代號（財政資訊中心匯入）;財政資訊中心匯入日期;股票代號（金融監督管理委員會匯入）;產業別（金融監督管理委員會匯入）;金融監督管理委員會匯入日期;商標資料（智慧財產局匯入）;智慧財產局匯入日期","經濟部商業發展署","每1月","政府資料開放授權條款-第1版","","免費","張 小姐","02-27841000#2513","2021-09-13 00:00:00","2026-02-03 09:30:55","","1790"
"132190","(北台灣排除六都)公司登記資料-B礦業及土石採取業","檔案資料","開創事業","白金","CSV","https://data.gcis.nat.gov.tw/od/file?oid=F1E4698A-9FD6-4BBD-AB49-DFD2F4558828","UTF-8","系統介接程式","提供每月北台灣不含六都之-B礦業及土石採取業公司登記資料資料集，
資料集內容包含統一編號、公司名稱、公司地址、實收資本額、核准設立日期、營業地址（財政資訊中心匯入）、行業代號（財政資訊中心匯入）、財政資訊中心匯入日期、股票代號（金融監督管理委員會匯入）、產業別（金融監督管理委員會匯入）、金融監督管理委員會匯入日期、商標資料（智慧財產局匯入）、智慧財產局匯入日期","統一編號;公司名稱;公司地址;資本總額;實收資本額;在境內營運資金;核准設立日期;營業地址（財政資訊中心匯入）;行業代號（財政資訊中心匯入）;財政資訊中心匯入日期;股票代號（金融監督管理委員會匯入）;產業別（金融監督管理委員會匯入）;金融監督管理委員會匯入日期;商標資料（智慧財產局匯入）;智慧財產局匯入日期","經濟部商業發展署","每1月","政府資料開放授權條款-第1版","","免費","張 小姐","02-27841000#2513","2020-09-26 00:00:00","2026-02-03 08:30:28","","800"
"132183","(中台灣排除六都)公司登記資料-B礦業及土石採取業","檔案資料","開創事業","白金","CSV","https://data.gcis.nat.gov.tw/od/file?oid=1A423CB0-42FB-4F4B-9CB7-126C5ADF7D39","UTF-8","系統介接程式","提供每月中台灣不含六都之-B礦業及土石採取業公司登記資料資料集，
資料集內容包含統一編號、公司名稱、公司地址、實收資本額、核准設立日期、營業地址（財政資訊中心匯入）、行業代號（財政資訊中心匯入）、財政資訊中心匯入日期、股票代號（金融監督管理委員會匯入）、產業別（金融監督管理委員會匯入）、金融監督管理委員會匯入日期、商標資料（智慧財產局匯入）、智慧財產局匯入日期","統一編號;公司名稱;公司地址;資本總額;實收資本額;在境內營運資金;核准設立日期;營業地址（財政資訊中心匯入）;行業代號（財政資訊中心匯入）;財政資訊中心匯入日期;股票代號（金融監督管理委員會匯入）;產業別（金融監督管理委員會匯入）;金融監督管理委員會匯入日期;商標資料（智慧財產局匯入）;智慧財產局匯入日期","經濟部商業發展署","每1月","政府資料開放授權條款-第1版","","免費","張 小姐","02-27841000#2513","2020-09-26 00:00:00","2026-01-03 10:00:08","","1000"
"108338","(東台灣排除六都)公司登記資料-F零售、批發及餐飲業","檔案資料","開創事業","白金","CSV","https://data.gcis.nat.gov.tw/od/file?oid=195BE4C4-43CD-4EBB-81FD-E50A2EDF11E7","UTF-8","系統介接程式","提供每月東台灣不含六都之-F零售、批發及餐飲業公司登記資料資料集，
資料集內容包含統一編號、公司名稱、公司地址、實收資本額、核准設立日期、營業地址（財政資訊中心匯入）、行業代號（財政資訊中心匯入）、財政資訊中心匯入日期、股票代號（金融監督管理委員會匯入）、產業別（金融監督管理委員會匯入）、金融監督管理委員會匯入日期、商標資料（智慧財產局匯入）、智慧財產局匯入日期","統一編號;公司名稱;公司地址;資本總額;實收資本額;在境內營運資金;核准設立日期;營業地址（財政資訊中心匯入）;行業代號（財政資訊中心匯入）;財政資訊中心匯入日期;股票代號（金融監督管理委員會匯入）;產業別（金融監督管理委員會匯入）;金融監督管理委員會匯入日期;商標資料（智慧財產局匯入）;智慧財產局匯入日期","經濟部商業發展署","每1月","政府資料開放授權條款-第1版","","免費","張 小姐","02-27841000#2513","2019-09-27 00:00:00","2026-02-03 10:00:09","","0"
"108386","(北台灣排除六都)公司登記資料-F零售、批發及餐飲業","檔案資料","開創事業","白金","CSV","https://data.gcis.nat.gov.tw/od/file?oid=D4CBA552-3C41-4C56-A4F6-A6E3E8B6DFB8","UTF-8","系統介接程式","提供每月北台灣不含六都之-F零售、批發及餐飲業公司登記資料資料集，
資料集內容包含統一編號、公司名稱、公司地址、實收資本額、核准設立日期、營業地址（財政資訊中心匯入）、行業代號（財政資訊中心匯入）、財政資訊中心匯入日期、股票代號（金融監督管理委員會匯入）、產業別（金融監督管理委員會匯入）、金融監督管理委員會匯入日期、商標資料（智慧財產局匯入）、智慧財產局匯入日期","統一編號;公司名稱;公司地址;資本總額;實收資本額;在境內營運資金;核准設立日期;營業地址（財政資訊中心匯入）;行業代號（財政資訊中心匯入）;財政資訊中心匯入日期;股票代號（金融監督管理委員會匯入）;產業別（金融監督管理委員會匯入）;金融監督管理委員會匯入日期;商標資料（智慧財產局匯入）;智慧財產局匯入日期","經濟部商業發展署","每1月","政府資料開放授權條款-第1版","","免費","張 小姐","02-27841000#2513","2019-09-27 00:00:00","2026-02-03 08:30:27","","0"
"145496","(北台灣排除六都)公司登記資料-G運輸、倉儲及通信業","檔案資料","開創事業","白金","CSV","https://data.gcis.nat.gov.tw/od/file?oid=FA5A43D2-6A11-403E-983A-3C87096A9D7B","UTF-8","系統介接程式","提供每月北台灣不含六都之-G運輸、倉儲及通信業公司登記資料資料集，
資料集內容包含統一編號、公司名稱、公司地址、實收資本額、核准設立日期、營業地址（財政資訊中心匯入）、行業代號（財政資訊中心匯入）、財政資訊中心匯入日期、股票代號（金融監督管理委員會匯入）、產業別（金融監督管理委員會匯入）、金融監督管理委員會匯入日期、商標資料（智慧財產局匯入）、智慧財產局匯入日期","統一編號;公司名稱;公司地址;資本總額;實收資本額;在境內營運資金;核准設立日期;營業地址（財政資訊中心匯入）;行業代號（財政資訊中心匯入）;財政資訊中心匯入日期;股票代號（金融監督管理委員會匯入）;產業別（金融監督管理委員會匯入）;金融監督管理委員會匯入日期;商標資料（智慧財產局匯入）;智慧財產局匯入日期","經濟部商業發展署","每1月","政府資料開放授權條款-第1版","","免費","張 小姐","02-27841000#2513","2021-09-13 00:00:00","2026-02-03 08:30:25","","2430"
"108343","(中台灣排除六都)公司登記資料-H金融、保險及不動產業","檔案資料","開創事業","白金","CSV","https://data.gcis.nat.gov.tw/od/file?oid=C19611B7-D6F8-4366-97AD-916F398E4EC7","UTF-8","系統介接程式","提供每月中台灣不含六都之-H金融、保險及不動產業公司登記資料資料集，
資料集內容包含統一編號、公司名稱、公司地址、實收資本額、核准設立日期、營業地址（財政資訊中心匯入）、行業代號（財政資訊中心匯入）、財政資訊中心匯入日期、股票代號（金融監督管理委員會匯入）、產業別（金融監督管理委員會匯入）、金融監督管理委員會匯入日期、商標資料（智慧財產局匯入）、智慧財產局匯入日期","統一編號;公司名稱;公司地址;資本總額;實收資本額;在境內營運資金;核准設立日期;營業地址（財政資訊中心匯入）;行業代號（財政資訊中心匯入）;財政資訊中心匯入日期;股票代號（金融監督管理委員會匯入）;產業別（金融監督管理委員會匯入）;金融監督管理委員會匯入日期;商標資料（智慧財產局匯入）;智慧財產局匯入日期","經濟部商業發展署","每1月","政府資料開放授權條款-第1版","","免費","張 小姐","02-27841000#2513","2019-09-27 00:00:00","2026-02-03 09:30:05","","0"
"108341","(北台灣排除六都)公司登記資料-H金融、保險及不動產業","檔案資料","開創事業","白金","CSV","https://data.gcis.nat.gov.tw/od/file?oid=A2CB4342-FAE2-471E-884A-C3C641D10338","UTF-8","系統介接程式","提供每月北台灣不含六都之-H金融、保險及不動產業公司登記資料資料集，
資料集內容包含統一編號、公司名稱、公司地址、實收資本額、核准設立日期、營業地址（財政資訊中心匯入）、行業代號（財政資訊中心匯入）、財政資訊中心匯入日期、股票代號（金融監督管理委員會匯入）、產業別（金融監督管理委員會匯入）、金融監督管理委員會匯入日期、商標資料（智慧財產局匯入）、智慧財產局匯入日期","統一編號;公司名稱;公司地址;資本總額;實收資本額;在境內營運資金;核准設立日期;營業地址（財政資訊中心匯入）;行業代號（財政資訊中心匯入）;財政資訊中心匯入日期;股票代號（金融監督管理委員會匯入）;產業別（金融監督管理委員會匯入）;金融監督管理委員會匯入日期;商標資料（智慧財產局匯入）;智慧財產局匯入日期","經濟部商業發展署","每1月","政府資料開放授權條款-第1版","","免費","張 小姐","02-27841000#2513","2019-09-27 00:00:00","2026-02-03 08:30:09","","0"
"108382","(東台灣排除六都)公司登記資料-H金融、保險及不動產業","檔案資料","開創事業","白金","CSV","https://data.gcis.nat.gov.tw/od/file?oid=06837377-6184-40E7-9BFD-D3707F06EF3D","UTF-8","系統介接程式","提供每月東台灣不含六都之-H金融、保險及不動產業公司登記資料資料集，
資料集內容包含統一編號、公司名稱、公司地址、實收資本額、核准設立日期、營業地址（財政資訊中心匯入）、行業代號（財政資訊中心匯入）、財政資訊中心匯入日期、股票代號（金融監督管理委員會匯入）、產業別（金融監督管理委員會匯入）、金融監督管理委員會匯入日期、商標資料（智慧財產局匯入）、智慧財產局匯入日期","統一編號;公司名稱;公司地址;資本總額;實收資本額;在境內營運資金;核准設立日期;營業地址（財政資訊中心匯入）;行業代號（財政資訊中心匯入）;財政資訊中心匯入日期;股票代號（金融監督管理委員會匯入）;產業別（金融監督管理委員會匯入）;金融監督管理委員會匯入日期;商標資料（智慧財產局匯入）;智慧財產局匯入日期","經濟部商業發展署","每1月","政府資料開放授權條款-第1版","","免費","張 小姐","02-27841000#2513","2019-09-27 00:00:00","2026-02-03 10:00:29","","0"
"108347","(南台灣排除六都)公司登記資料-H金融、保險及不動產業","檔案資料","開創事業","白金","CSV","https://data.gcis.nat.gov.tw/od/file?oid=1FE9666A-B7FA-4B63-B7D6-1F57275E8484","UTF-8","系統介接程式","提供每月南台灣不含六都之-H金融、保險及不動產業公司登記資料資料集，
資料集內容包含統一編號、公司名稱、公司地址、實收資本額、核准設立日期、營業地址（財政資訊中心匯入）、行業代號（財政資訊中心匯入）、財政資訊中心匯入日期、股票代號（金融監督管理委員會匯入）、產業別（金融監督管理委員會匯入）、金融監督管理委員會匯入日期、商標資料（智慧財產局匯入）、智慧財產局匯入日期","統一編號;公司名稱;公司地址;資本總額;實收資本額;在境內營運資金;核准設立日期;營業地址（財政資訊中心匯入）;行業代號（財政資訊中心匯入）;財政資訊中心匯入日期;股票代號（金融監督管理委員會匯入）;產業別（金融監督管理委員會匯入）;金融監督管理委員會匯入日期;商標資料（智慧財產局匯入）;智慧財產局匯入日期","經濟部商業發展署","每1月","政府資料開放授權條款-第1版","","免費","張 小姐","02-27841000#2513","2019-09-27 00:00:00","2026-02-03 10:00:17","","0"
"108383","(南台灣排除六都)公司登記資料-I專業、科學及技術服務業","檔案資料","開創事業","白金","CSV","https://data.gcis.nat.gov.tw/od/file?oid=2F65FF92-12F3-40B3-9228-E758C80FEBCE","UTF-8","系統介接程式","提供每月南台灣不含六都之-I專業、科學及技術服務業公司登記資料資料集，
資料集內容包含統一編號、公司名稱、公司地址、實收資本額、核准設立日期、營業地址（財政資訊中心匯入）、行業代號（財政資訊中心匯入）、財政資訊中心匯入日期、股票代號（金融監督管理委員會匯入）、產業別（金融監督管理委員會匯入）、金融監督管理委員會匯入日期、商標資料（智慧財產局匯入）、智慧財產局匯入日期","統一編號;公司名稱;公司地址;資本總額;實收資本額;在境內營運資金;核准設立日期;營業地址（財政資訊中心匯入）;行業代號（財政資訊中心匯入）;財政資訊中心匯入日期;股票代號（金融監督管理委員會匯入）;產業別（金融監督管理委員會匯入）;金融監督管理委員會匯入日期;商標資料（智慧財產局匯入）;智慧財產局匯入日期","經濟部商業發展署","每1月","政府資料開放授權條款-第1版","","免費","張 小姐","02-27841000#2513","2019-09-27 00:00:00","2026-02-03 10:00:30","","0"
"108336","(東台灣排除六都)公司登記資料-I專業、科學及技術服務業","檔案資料","開創事業","白金","CSV","https://data.gcis.nat.gov.tw/od/file?oid=60CD936E-40B2-4D79-8436-9A194461550C","UTF-8","系統介接程式","提供每月東台灣不含六都之-I專業、科學及技術服務業公司登記資料資料集，
資料集內容包含統一編號、公司名稱、公司地址、實收資本額、核准設立日期、營業地址（財政資訊中心匯入）、行業代號（財政資訊中心匯入）、財政資訊中心匯入日期、股票代號（金融監督管理委員會匯入）、產業別（金融監督管理委員會匯入）、金融監督管理委員會匯入日期、商標資料（智慧財產局匯入）、智慧財產局匯入日期","統一編號;公司名稱;公司地址;資本總額;實收資本額;在境內營運資金;核准設立日期;營業地址（財政資訊中心匯入）;行業代號（財政資訊中心匯入）;財政資訊中心匯入日期;股票代號（金融監督管理委員會匯入）;產業別（金融監督管理委員會匯入）;金融監督管理委員會匯入日期;商標資料（智慧財產局匯入）;智慧財產局匯入日期","經濟部商業發展署","每1月","政府資料開放授權條款-第1版","","免費","張 小姐","02-27841000#2513","2019-09-27 00:00:00","2026-02-03 10:00:05","","0"
"108395","(中台灣排除六都)公司登記資料-I專業、科學及技術服務業","檔案資料","開創事業","白金","CSV","https://data.gcis.nat.gov.tw/od/file?oid=805B15D9-8864-4F86-A0F0-F1361D61FE53","UTF-8","系統介接程式","提供每月中台灣不含六都之-I專業、科學及技術服務業公司登記資料資料集，
資料集內容包含統一編號、公司名稱、公司地址、實收資本額、核准設立日期、營業地址（財政資訊中心匯入）、行業代號（財政資訊中心匯入）、財政資訊中心匯入日期、股票代號（金融監督管理委員會匯入）、產業別（金融監督管理委員會匯入）、金融監督管理委員會匯入日期、商標資料（智慧財產局匯入）、智慧財產局匯入日期","統一編號;公司名稱;公司地址;資本總額;實收資本額;在境內營運資金;核准設立日期;營業地址（財政資訊中心匯入）;行業代號（財政資訊中心匯入）;財政資訊中心匯入日期;股票代號（金融監督管理委員會匯入）;產業別（金融監督管理委員會匯入）;金融監督管理委員會匯入日期;商標資料（智慧財產局匯入）;智慧財產局匯入日期","經濟部商業發展署","每1月","政府資料開放授權條款-第1版","","免費","張 小姐","02-27841000#2513","2019-09-27 00:00:00","2026-02-03 09:30:57","","0"
"108370","(北台灣排除六都)公司登記資料-I專業、科學及技術服務業","檔案資料","開創事業","白金","CSV","https://data.gcis.nat.gov.tw/od/file?oid=A25B652B-3977-4759-AC44-051D3C3B1C01","UTF-8","系統介接程式","提供每月北台灣不含六都之-I專業、科學及技術服務業公司登記資料資料集，
資料集內容包含統一編號、公司名稱、公司地址、實收資本額、核准設立日期、營業地址（財政資訊中心匯入）、行業代號（財政資訊中心匯入）、財政資訊中心匯入日期、股票代號（金融監督管理委員會匯入）、產業別（金融監督管理委員會匯入）、金融監督管理委員會匯入日期、商標資料（智慧財產局匯入）、智慧財產局匯入日期","統一編號;公司名稱;公司地址;資本總額;實收資本額;在境內營運資金;核准設立日期;營業地址（財政資訊中心匯入）;行業代號（財政資訊中心匯入）;財政資訊中心匯入日期;股票代號（金融監督管理委員會匯入）;產業別（金融監督管理委員會匯入）;金融監督管理委員會匯入日期;商標資料（智慧財產局匯入）;智慧財產局匯入日期","經濟部商業發展署","每1月","政府資料開放授權條款-第1版","","免費","張 小姐","02-27841000#2513","2019-09-27 00:00:00","2026-02-03 09:01:07","","0"
"145488","(北台灣排除六都)公司登記資料-J文化、運動、休閒及其他服務業","檔案資料","開創事業","白金","CSV","https://data.gcis.nat.gov.tw/od/file?oid=F0A02AA6-44F9-4AF9-AF75-961EDF85C030","UTF-8","系統介接程式","提供每月北台灣不含六都之-J文化、運動、休閒及其他服務業公司登記資料資料集，
資料集內容包含統一編號、公司名稱、公司地址、實收資本額、核准設立日期、營業地址（財政資訊中心匯入）、行業代號（財政資訊中心匯入）、財政資訊中心匯入日期、股票代號（金融監督管理委員會匯入）、產業別（金融監督管理委員會匯入）、金融監督管理委員會匯入日期、商標資料（智慧財產局匯入）、智慧財產局匯入日期","統一編號;公司名稱;公司地址;資本總額;實收資本額;在境內營運資金;核准設立日期;營業地址（財政資訊中心匯入）;行業代號（財政資訊中心匯入）;財政資訊中心匯入日期;股票代號（金融監督管理委員會匯入）;產業別（金融監督管理委員會匯入）;金融監督管理委員會匯入日期;商標資料（智慧財產局匯入）;智慧財產局匯入日期","經濟部商業發展署","每1月","政府資料開放授權條款-第1版","","免費","張 小姐","02-27841000#2513","2021-09-13 00:00:00","2026-02-03 09:01:05","","13520"
"145493","(東台灣排除六都)公司登記資料-J文化、運動、休閒及其他服務業","檔案資料","開創事業","白金","CSV","https://data.gcis.nat.gov.tw/od/file?oid=45443855-21A3-48C5-961A-F9ADF4E84EEE","UTF-8","系統介接程式","提供每月東台灣不含六都之-J文化、運動、休閒及其他服務業公司登記資料資料集，
資料集內容包含統一編號、公司名稱、公司地址、實收資本額、核准設立日期、營業地址（財政資訊中心匯入）、行業代號（財政資訊中心匯入）、財政資訊中心匯入日期、股票代號（金融監督管理委員會匯入）、產業別（金融監督管理委員會匯入）、金融監督管理委員會匯入日期、商標資料（智慧財產局匯入）、智慧財產局匯入日期","統一編號;公司名稱;公司地址;資本總額;實收資本額;在境內營運資金;核准設立日期;營業地址（財政資訊中心匯入）;行業代號（財政資訊中心匯入）;財政資訊中心匯入日期;股票代號（金融監督管理委員會匯入）;產業別（金融監督管理委員會匯入）;金融監督管理委員會匯入日期;商標資料（智慧財產局匯入）;智慧財產局匯入日期","經濟部商業發展署","每1月","政府資料開放授權條款-第1版","","免費","張 小姐","02-27841000#2513","2021-09-13 00:00:00","2026-02-03 10:00:25","","2240"
"145490","(南台灣排除六都)公司登記資料-J文化、運動、休閒及其他服務業","檔案資料","開創事業","白金","CSV","https://data.gcis.nat.gov.tw/od/file?oid=9D50731D-A3A0-48AC-8441-D68B75174345","UTF-8","系統介接程式","提供每月南台灣不含六都之-J文化、運動、休閒及其他服務業公司登記資料資料集，
資料集內容包含統一編號、公司名稱、公司地址、實收資本額、核准設立日期、營業地址（財政資訊中心匯入）、行業代號（財政資訊中心匯入）、財政資訊中心匯入日期、股票代號（金融監督管理委員會匯入）、產業別（金融監督管理委員會匯入）、金融監督管理委員會匯入日期、商標資料（智慧財產局匯入）、智慧財產局匯入日期","統一編號;公司名稱;公司地址;資本總額;實收資本額;在境內營運資金;核准設立日期;營業地址（財政資訊中心匯入）;行業代號（財政資訊中心匯入）;財政資訊中心匯入日期;股票代號（金融監督管理委員會匯入）;產業別（金融監督管理委員會匯入）;金融監督管理委員會匯入日期;商標資料（智慧財產局匯入）;智慧財產局匯入日期","經濟部商業發展署","每1月","政府資料開放授權條款-第1版","","免費","張 小姐","02-27841000#2513","2021-09-13 00:00:00","2026-02-03 10:00:24","","6160"
"145482","(中台灣排除六都)公司登記資料-J文化、運動、休閒及其他服務業","檔案資料","開創事業","白金","CSV","https://data.gcis.nat.gov.tw/od/file?oid=87C217E2-08F1-4AF2-AE10-19874938B722","UTF-8","系統介接程式","提供每月中台灣不含六都之-J文化、運動、休閒及其他服務業公司登記資料資料集，
